rpc,1,A  ,,,0
pub,2,A  ,,,0
sub,4,A  ,,,0
dist,8,A  ,,,0
dpub,16,A  ,,,0
rpc out,64,A  ,,,0
data access,128,A  ,,,0
collation compatible,256,A  ,,,0
system,512,A  ,,,0
use remote collation,1024,A  ,,,0
lazy schema validation,2048,A  ,,,0
remote proc transaction promotion,4096,A  ,,,0
YES OR NO,-1,B  ,,,0
no,0,B  ,,,0
yes,1,B  ,,,0
none,2,B  ,,,0
DATABASE STATUS,0,D  ,,,0
autoclose,1,D  ,,,0
select into/bulkcopy,4,D  ,,,0
trunc. log on chkpt.,8,D  ,,,0
torn page detection,16,D  ,,,0
loading,32,D  ,,,0
pre recovery,64,D  ,,,0
recovering,128,D  ,,,0
not recovered,256,D  ,,,0
offline,512,D  ,0,1,0
read only,1024,D  ,,,0
dbo use only,2048,D  ,,,0
single user,4096,D  ,,,0
emergency mode,32768,D  ,,,0
missing files,262144,D  ,,,0
autoshrink,4194304,D  ,,,0
ALL SETTABLE OPTIONS,4202013,D  ,,,0
cleanly shutdown,1073741824,D  ,,,0
DATABASE OPTIONS,0,D2 ,,,0
db chaining,1024,D2 ,,,0
numeric roundabort,2048,D2 ,,,0
arithabort,4096,D2 ,,,0
ANSI padding,8192,D2 ,,,0
ANSI null default,16384,D2 ,,,0
concat null yields null,65536,D2 ,,,0
recursive triggers,131072,D2 ,,,0
default to local cursor,1048576,D2 ,,,0
quoted identifier,8388608,D2 ,,,0
auto create statistics,16777216,D2 ,,,0
cursor close on commit,33554432,D2 ,,,0
ANSI nulls,67108864,D2 ,,,0
ANSI warnings,268435456,D2 ,,,0
full text enabled,536870912,D2 ,,,0
auto update statistics,1073741824,D2 ,,,0
ALL SETTABLE OPTIONS,1469283328,D2 ,,,0
DB Owners,16384,DBR,-1,,0
DB Access Administrators,16385,DBR,-1,,0
DB Security Administrators,16386,DBR,-1,,0
DB DDL Administrators,16387,DBR,-1,,0
DB Backup Operator,16389,DBR,-1,,0
DB Data Reader,16390,DBR,-1,,0
DB Data Writer,16391,DBR,-1,,0
DB Deny Data Reader,16392,DBR,-1,,0
DB Deny Data Writer,16393,DBR,-1,,0
DATABASE CATEGORY,0,DC ,,,0
published,1,DC ,,,0
subscribed,2,DC ,,,0
merge publish,4,DC ,,,0
ALL SETTABLE OPTIONS,7,DC ,,,0
Distributed,16,DC ,,,0
SQLSERVER HOST TYPE,0,E  ,0,,0
WINDOWS/NT,1,E  ,8192,,0
int high bit,2,E  ,-2147483648,,0
int4 high byte,3,E  ,1,,0
SERVER AUDIT,8257,EOB,,,0
CHECK CONSTRAINT,8259,EOB,,,0
DEFAULT,8260,EOB,,,0
FOREIGN KEY CONSTRAINT,8262,EOB,,,0
STORED PROCEDURE,8272,EOB,,,0
RULE,8274,EOB,,,0
TABLE,8275,EOB,,,0
TRIGGER,8276,EOB,,,0
TABLE,8277,EOB,,,0
VIEW,8278,EOB,,,0
STORED PROCEDURE,8280,EOB,,,0
DATABASE AUDIT SPECIFICATION,16708,EOB,,,0
SERVER AUDIT SPECIFICATION,16723,EOB,,,0
TRIGGER,16724,EOB,,,0
DATABASE,16964,EOB,,,0
OBJECT,16975,EOB,,,0
DATABASE SCOPED CREDENTIAL,17220,EOB,,,0
EDGE CONSTRAINT,17221,EOB,,,0
FULLTEXT CATALOG,17222,EOB,,,0
STORED PROCEDURE,17232,EOB,,,0
SCHEMA,17235,EOB,,,0
CREDENTIAL,17475,EOB,,,0
EXTERNAL DATA SOURCE,17477,EOB,,,0
EVENT NOTIFICATION,17491,EOB,,,0
DATABASE EVENT SESSION,17732,EOB,,,0
EVENT SESSION,17747,EOB,,,0
AGGREGATE,17985,EOB,,,0
EXTERNAL FILE FORMAT,17989,EOB,,,0
FUNCTION,17993,EOB,,,0
PARTITION FUNCTION,18000,EOB,,,0
STORED PROCEDURE,18002,EOB,,,0
FUNCTION,18004,EOB,,,0
AVAILABILITY GROUP,18241,EOB,,,0
RESOURCE GOVERNOR,18258,EOB,,,0
SERVER ROLE,18259,EOB,,,0
WINDOWS GROUP,18263,EOB,,,0
ASYMMETRIC KEY,19265,EOB,,,0
COLUMN ENCRYPTION KEY,19267,EOB,,,0
DATABASE ENCRYPTION KEY,19268,EOB,,,0
MASTER KEY,19277,EOB,,,0
PRIMARY KEY,19280,EOB,,,0
SYMMETRIC KEY,19283,EOB,,,0
ASYMMETRIC KEY LOGIN,19521,EOB,,,0
CERTIFICATE LOGIN,19523,EOB,,,0
FULLTEXT STOPLIST,19526,EOB,,,0
EXTERNAL GROUP LOGIN,19536,EOB,,,0
ROLE,19538,EOB,,,0
SQL LOGIN,19539,EOB,,,0
WINDOWS LOGIN,19543,EOB,,,0
EXTERNAL LOGIN,19544,EOB,,,0
COLUMN MASTER KEY,19779,EOB,,,0
REMOTE SERVICE BINDING,20034,EOB,,,0
EVENT NOTIFICATION,20036,EOB,,,0
EVENT NOTIFICATION,20037,EOB,,,0
FUNCTION,20038,EOB,,,0
EVENT NOTIFICATION,20047,EOB,,,0
SYNONYM,20051,EOB,,,0
SERVER CONFIG,20291,EOB,,,0
SEQUENCE OBJECT,20307,EOB,,,0
CRYPTOGRAPHIC PROVIDER,20547,EOB,,,0
ENDPOINT,20549,EOB,,,0
SEARCH PROPERTY LIST,20550,EOB,,,0
SECURITY POLICY,20563,EOB,,,0
QUEUE,20819,EOB,,,0
UNIQUE CONSTRAINT,20821,EOB,,,0
APPLICATION ROLE,21057,EOB,,,0
CERTIFICATE,21059,EOB,,,0
DATABASE SCOPED RESOURCE GOVERNOR,21060,EOB,,,0
EXTERNAL RESOURCE POOL,21061,EOB,,,0
BROKER PRIORITY,21072,EOB,,,0
SERVER,21075,EOB,,,0
TRIGGER,21076,EOB,,,0
ASSEMBLY,21313,EOB,,,0
DATABASE SCOPED CONFIGURATION,21316,EOB,,,0
FUNCTION,21318,EOB,,,0
FUNCTION,21321,EOB,,,0
PARTITION SCHEME,21328,EOB,,,0
SQL USER,21333,EOB,,,0
CONTRACT,21571,EOB,,,0
TRIGGER,21572,EOB,,,0
FUNCTION,21574,EOB,,,0
MESSAGE TYPE,21581,EOB,,,0
ROUTE,21586,EOB,,,0
STATISTICS,21587,EOB,,,0
ASYMMETRIC KEY USER,21825,EOB,,,0
CERTIFICATE USER,21827,EOB,,,0
AUDIT,21828,EOB,,,0
GROUP USER,21831,EOB,,,0
EXTERNAL GROUP USER,21840,EOB,,,0
SQL USER,21843,EOB,,,0
WINDOWS USER,21847,EOB,,,0
EXTERNAL USER,21848,EOB,,,0
SERVICE,22099,EOB,,,0
INDEX,22601,EOB,,,0
LOGIN,22604,EOB,,,0
XML SCHEMA COLLECTION,22611,EOB,,,0
TYPE,22868,EOB,,,0
SERVER AUDIT,8257,EOD,,,0
CHECK CONSTRAINT,8259,EOD,,,0
DEFAULT,8260,EOD,,,0
FOREIGN KEY CONSTRAINT,8262,EOD,,,0
STORED PROCEDURE,8272,EOD,,,0
RULE,8274,EOD,,,0
TABLE SYSTEM,8275,EOD,,,0
TRIGGER SERVER,8276,EOD,,,0
TABLE,8277,EOD,,,0
VIEW,8278,EOD,,,0
STORED PROCEDURE EXTENDED,8280,EOD,,,0
DATABASE AUDIT SPECIFICATION,16708,EOD,,,0
EXTERNAL LANGUAGE,16716,EOD,,,0
SERVER AUDIT SPECIFICATION,16723,EOD,,,0
TRIGGER ASSEMBLY,16724,EOD,,,0
DATABASE,16964,EOD,,,0
OBJECT,16975,EOD,,,0
DATABASE SCOPED CREDENTIAL,17220,EOD,,,0
EDGE CONSTRAINT,17221,EOD,,,0
FULLTEXT CATALOG,17222,EOD,,,0
STORED PROCEDURE ASSEMBLY,17232,EOD,,,0
SCHEMA,17235,EOD,,,0
CREDENTIAL,17475,EOD,,,0
EXTERNAL DATA SOURCE,17477,EOD,,,0
EVENT NOTIFICATION SERVER,17491,EOD,,,0
DATABASE EVENT SESSION,17732,EOD,,,0
EVENT SESSION,17747,EOD,,,0
AGGREGATE,17985,EOD,,,0
EXTERNAL FILE FORMAT,17989,EOD,,,0
FUNCTION TABLE-VALUED INLINE SQL,17993,EOD,,,0
PARTITION FUNCTION,18000,EOD,,,0
STORED PROCEDURE REPLICATION FILTER,18002,EOD,,,0
FUNCTION TABLE-VALUED SQL,18004,EOD,,,0
AVAILABILITY GROUP,18241,EOD,,,0
RESOURCE GOVERNOR,18258,EOD,,,0
SERVER ROLE,18259,EOD,,,0
WINDOWS GROUP,18263,EOD,,,0
ASYMMETRIC KEY,19265,EOD,,,0
COLUMN ENCRYPTION KEY,19267,EOD,,,0
DATABASE ENCRYPTION KEY,19268,EOD,,,0
MASTER KEY,19277,EOD,,,0
PRIMARY KEY,19280,EOD,,,0
SYMMETRIC KEY,19283,EOD,,,0
ASYMMETRIC KEY LOGIN,19521,EOD,,,0
CERTIFICATE LOGIN,19523,EOD,,,0
EXTERNAL LIBRARY,19525,EOD,,,0
FULLTEXT STOPLIST,19526,EOD,,,0
EXTERNAL GROUP LOGIN,19536,EOD,,,0
ROLE,19538,EOD,,,0
SQL LOGIN,19539,EOD,,,0
WINDOWS LOGIN,19543,EOD,,,0
EXTERNAL LOGIN,19544,EOD,,,0
COLUMN MASTER KEY,19779,EOD,,,0
REMOTE SERVICE BINDING,20034,EOD,,,0
EVENT NOTIFICATION DATABASE,20036,EOD,,,0
EVENT NOTIFICATION,20037,EOD,,,0
FUNCTION SCALAR SQL,20038,EOD,,,0
EVENT NOTIFICATION OBJECT,20047,EOD,,,0
SYNONYM,20051,EOD,,,0
SERVER CONFIG,20291,EOD,,,0
SEQUENCE OBJECT,20307,EOD,,,0
Undocumented,20545,EOD,,,0
CRYPTOGRAPHIC PROVIDER,20547,EOD,,,0
ENDPOINT,20549,EOD,,,0
SEARCH PROPERTY LIST,20550,EOD,,,0
SECURITY POLICY,20563,EOD,,,0
ADHOC QUERY,20801,EOD,,,0
PREPARED ADHOC QUERY,20816,EOD,,,0
QUEUE,20819,EOD,,,0
UNIQUE CONSTRAINT,20821,EOD,,,0
APPLICATION ROLE,21057,EOD,,,0
CERTIFICATE,21059,EOD,,,0
DATABASE SCOPED RESOURCE GOVERNOR,21060,EOD,,,0
EXTERNAL RESOURCE POOL,21061,EOD,,,0
BROKER PRIORITY,21072,EOD,,,0
SERVER,21075,EOD,,,0
TRIGGER,21076,EOD,,,0
XREL TREE,21080,EOD,,,0
ASSEMBLY,21313,EOD,,,0
DATABASE SCOPED CONFIGURATION,21316,EOD,,,0
FUNCTION SCALAR ASSEMBLY ,21318,EOD,,,0
FUNCTION SCALAR INLINE SQL ,21321,EOD,,,0
PARTITION SCHEME,21328,EOD,,,0
USER,21333,EOD,,,0
CONTRACT,21571,EOD,,,0
TRIGGER DATABASE,21572,EOD,,,0
EXTERNAL TABLE,21573,EOD,,,0
FUNCTION TABLE-VALUED ASSEMBLY ,21574,EOD,,,0
INTERNAL TABLE,21577,EOD,,,0
MESSAGE TYPE,21581,EOD,,,0
ROUTE,21586,EOD,,,0
STATISTICS,21587,EOD,,,0
ASYMMETRIC KEY USER,21825,EOD,,,0
CERTIFICATE USER,21827,EOD,,,0
AUDIT,21828,EOD,,,0
GROUP USER,21831,EOD,,,0
EXTERNAL GROUP USER,21840,EOD,,,0
SQL USER,21843,EOD,,,0
WINDOWS USER,21847,EOD,,,0
EXTERNAL USER,21848,EOD,,,0
SERVICE,22099,EOD,,,0
EXTERNAL SCRIPT QUERY,22597,EOD,,,0
INDEX,22601,EOD,,,0
LOGIN,22604,EOD,,,0
XML SCHEMA COLLECTION,22611,EOD,,,0
TYPE,22868,EOD,,,0
SYSREMOTELOGINS TYPES,-1,F  ,,,0
"",0,F  ,,,0
trusted,1,F  ,,,0
SYSREMOTELOGINS TYPES (UPDATE),-1,F_U,,,0
"",0,F_U,,,0
trusted,16,F_U,,,0
GENERAL MISC. STRINGS,0,G  ,,,0
SQL Server Internal Table,0,G  ,,,0
INDEX TYPES,0,I  ,,,0
nonclustered,0,I  ,,,0
ignore duplicate keys,1,I  ,,,0
unique,2,I  ,,,0
ignore duplicate rows,4,I  ,,,0
clustered,16,I  ,,,0
hypothetical,32,I  ,,,0
statistics,64,I  ,,,0
primary key,2048,I  ,0,1,0
unique key,4096,I  ,0,1,0
auto create,8388608,I  ,,,0
stats no recompute,16777216,I  ,,,0
COMPATIBLE TYPES,0,J  ,,,0
binary,1,J  ,45,,0
varbinary,1,J  ,37,,0
bit,2,J  ,50,,0
char,3,J  ,47,,0
varchar,3,J  ,39,,0
datetime,4,J  ,61,,0
datetimn,4,J  ,111,,0
smalldatetime,4,J  ,58,,0
float,5,J  ,62,,0
floatn,5,J  ,109,,0
real,5,J  ,59,,0
int,6,J  ,56,,0
intn,6,J  ,38,,0
smallint,6,J  ,52,,0
tinyint,6,J  ,48,,0
money,7,J  ,60,,0
moneyn,7,J  ,110,,0
smallmoney,7,J  ,122,,0
SYSKEYS TYPES,0,K  ,,,0
primary,1,K  ,,,0
foreign,2,K  ,,,0
common,3,K  ,,,0
LOCK TYPES,0,L  ,,,0
NULL,1,L  ,,,0
Sch-S,2,L  ,,,0
Sch-M,3,L  ,,,0
S,4,L  ,,,0
U,5,L  ,,,0
X,6,L  ,,,0
IS,7,L  ,,,0
IU,8,L  ,,,0
IX,9,L  ,,,0
SIU,10,L  ,,,0
SIX,11,L  ,,,0
UIX,12,L  ,,,0
BU,13,L  ,,,0
RangeS-S,14,L  ,,,0
RangeS-U,15,L  ,,,0
RangeIn-Null,16,L  ,,,0
RangeIn-S,17,L  ,,,0
RangeIn-U,18,L  ,,,0
RangeIn-X,19,L  ,,,0
RangeX-S,20,L  ,,,0
RangeX-U,21,L  ,,,0
RangeX-X,22,L  ,,,0
Arabic,1025,LNG,,,0
Bulgarian,1026,LNG,,,0
Traditional Chinese,1028,LNG,,,0
Czech,1029,LNG,,,0
Danish,1030,LNG,,,0
German,1031,LNG,,,0
Greek,1032,LNG,,,0
English,1033,LNG,,,0
Finnish,1035,LNG,,,0
French,1036,LNG,,,0
Hungarian,1038,LNG,,,0
Italian,1040,LNG,,,0
japanese,1041,LNG,,,0
Korean,1042,LNG,,,0
Dutch,1043,LNG,,,0
Polish,1045,LNG,,,0
Brazilian,1046,LNG,,,0
Romanian,1048,LNG,,,0
Russian,1049,LNG,,,0
Croatian,1050,LNG,,,0
Slovak,1051,LNG,,,0
Swedish,1053,LNG,,,0
Thai,1054,LNG,,,0
Turkish,1055,LNG,,,0
Slovenian,1060,LNG,,,0
Estonian,1061,LNG,,,0
Latvian,1062,LNG,,,0
Lithuanian,1063,LNG,,,0
Simplified Chinese,2052,LNG,,,0
Norwegian,2068,LNG,,,0
Portuguese,2070,LNG,,,0
Spanish,3082,LNG,,,0
LOCK OWNER,0,LO ,,,0
Xact,1,LO ,,,0
Crsr,2,LO ,,,0
Sess,3,LO ,,,0
STWS,4,LO ,,,0
XTWS,5,LO ,,,0
WFR,6,LO ,,,0
LOCK RESOURCES,0,LR ,,,0
NUL,1,LR ,,,0
DB,2,LR ,,,0
FIL,3,LR ,,,0
TAB,5,LR ,,,0
PAG,6,LR ,,,0
KEY,7,LR ,,,0
EXT,8,LR ,,,0
RID,9,LR ,,,0
APP,10,LR ,,,0
MD,11,LR ,,,0
HBT,12,LR ,,,0
AU,13,LR ,,,0
LOCK REQ STATUS,0,LS ,,,0
GRANT,1,LS ,,,0
CNVT,2,LS ,,,0
WAIT,3,LS ,,,0
RELN,4,LS ,,,0
BLCKN,5,LS ,,,0
OBJECT TYPES,0,O  ,,,0
system table,1,O  ,,,0
view,2,O  ,,,0
user table,3,O  ,,,0
stored procedure,4,O  ,,,0
default,6,O  ,,,0
rule,7,O  ,,,0
trigger,8,O  ,,,0
replication filter stored procedure,12,O  ,,,0
AF: aggregate function,-1,O9T,0,0,0
AP: application,-1,O9T,0,0,0
C : check cns,-1,O9T,0,0,0
D : default (maybe cns),-1,O9T,0,0,0
EC: edge cns,-1,O9T,0,0,0
EN: event notification,-1,O9T,0,0,0
F : foreign key cns,-1,O9T,0,0,0
FN: scalar function,-1,O9T,0,0,0
FS: assembly scalar function,-1,O9T,0,0,0
FT: assembly table function,-1,O9T,0,0,0
IF: inline function,-1,O9T,0,0,0
IS: inline scalar function,-1,O9T,0,0,0
IT: internal table,-1,O9T,0,0,0
L : log,-1,O9T,0,0,0
P : stored procedure,-1,O9T,0,0,0
PC : assembly stored procedure,-1,O9T,0,0,0
PK: primary key cns,-1,O9T,0,0,0
R : rule,-1,O9T,0,0,0
RF: replication filter proc,-1,O9T,0,0,0
S : system table,-1,O9T,0,0,0
SN: synonym,-1,O9T,0,0,0
SO: sequence object,-1,O9T,0,0,0
SQ: queue,-1,O9T,0,0,0
TA: assembly trigger,-1,O9T,0,0,0
TF: table function,-1,O9T,0,0,0
TR: trigger,-1,O9T,0,0,0
U : user table,-1,O9T,0,0,0
UQ: unique key cns,-1,O9T,0,0,0
V : view,-1,O9T,0,0,0
X : extended stored proc,-1,O9T,0,0,0
"sysobjects.type, reports",0,O9T,0,0,0
,0,P  ,1,1,0
,1,P  ,1,2,0
,2,P  ,1,4,0
,3,P  ,1,8,0
,4,P  ,1,16,0
,5,P  ,1,32,0
,6,P  ,1,64,0
,7,P  ,1,128,0
,8,P  ,2,1,0
,9,P  ,2,2,0
,10,P  ,2,4,0
,11,P  ,2,8,0
,12,P  ,2,16,0
,13,P  ,2,32,0
,14,P  ,2,64,0
,15,P  ,2,128,0
,16,P  ,3,1,0
,17,P  ,3,2,0
,18,P  ,3,4,0
,19,P  ,3,8,0
,20,P  ,3,16,0
,21,P  ,3,32,0
,22,P  ,3,64,0
,23,P  ,3,128,0
,24,P  ,4,1,0
,25,P  ,4,2,0
,26,P  ,4,4,0
,27,P  ,4,8,0
,28,P  ,4,16,0
,29,P  ,4,32,0
,30,P  ,4,64,0
,31,P  ,4,128,0
,32,P  ,5,1,0
,33,P  ,5,2,0
,34,P  ,5,4,0
,35,P  ,5,8,0
,36,P  ,5,16,0
,37,P  ,5,32,0
,38,P  ,5,64,0
,39,P  ,5,128,0
,40,P  ,6,1,0
,41,P  ,6,2,0
,42,P  ,6,4,0
,43,P  ,6,8,0
,44,P  ,6,16,0
,45,P  ,6,32,0
,46,P  ,6,64,0
,47,P  ,6,128,0
,48,P  ,7,1,0
,49,P  ,7,2,0
,50,P  ,7,4,0
,51,P  ,7,8,0
,52,P  ,7,16,0
,53,P  ,7,32,0
,54,P  ,7,64,0
,55,P  ,7,128,0
,56,P  ,8,1,0
,57,P  ,8,2,0
,58,P  ,8,4,0
,59,P  ,8,8,0
,60,P  ,8,16,0
,61,P  ,8,32,0
,62,P  ,8,64,0
,63,P  ,8,128,0
,64,P  ,9,1,0
,65,P  ,9,2,0
,66,P  ,9,4,0
,67,P  ,9,8,0
,68,P  ,9,16,0
,69,P  ,9,32,0
,70,P  ,9,64,0
,71,P  ,9,128,0
,72,P  ,10,1,0
,73,P  ,10,2,0
,74,P  ,10,4,0
,75,P  ,10,8,0
,76,P  ,10,16,0
,77,P  ,10,32,0
,78,P  ,10,64,0
,79,P  ,10,128,0
,80,P  ,11,1,0
,81,P  ,11,2,0
,82,P  ,11,4,0
,83,P  ,11,8,0
,84,P  ,11,16,0
,85,P  ,11,32,0
,86,P  ,11,64,0
,87,P  ,11,128,0
,88,P  ,12,1,0
,89,P  ,12,2,0
,90,P  ,12,4,0
,91,P  ,12,8,0
,92,P  ,12,16,0
,93,P  ,12,32,0
,94,P  ,12,64,0
,95,P  ,12,128,0
,96,P  ,13,1,0
,97,P  ,13,2,0
,98,P  ,13,4,0
,99,P  ,13,8,0
,100,P  ,13,16,0
,101,P  ,13,32,0
,102,P  ,13,64,0
,103,P  ,13,128,0
,104,P  ,14,1,0
,105,P  ,14,2,0
,106,P  ,14,4,0
,107,P  ,14,8,0
,108,P  ,14,16,0
,109,P  ,14,32,0
,110,P  ,14,64,0
,111,P  ,14,128,0
,112,P  ,15,1,0
,113,P  ,15,2,0
,114,P  ,15,4,0
,115,P  ,15,8,0
,116,P  ,15,16,0
,117,P  ,15,32,0
,118,P  ,15,64,0
,119,P  ,15,128,0
,120,P  ,16,1,0
,121,P  ,16,2,0
,122,P  ,16,4,0
,123,P  ,16,8,0
,124,P  ,16,16,0
,125,P  ,16,32,0
,126,P  ,16,64,0
,127,P  ,16,128,0
,128,P  ,17,1,0
,129,P  ,17,2,0
,130,P  ,17,4,0
,131,P  ,17,8,0
,132,P  ,17,16,0
,133,P  ,17,32,0
,134,P  ,17,64,0
,135,P  ,17,128,0
,136,P  ,18,1,0
,137,P  ,18,2,0
,138,P  ,18,4,0
,139,P  ,18,8,0
,140,P  ,18,16,0
,141,P  ,18,32,0
,142,P  ,18,64,0
,143,P  ,18,128,0
,144,P  ,19,1,0
,145,P  ,19,2,0
,146,P  ,19,4,0
,147,P  ,19,8,0
,148,P  ,19,16,0
,149,P  ,19,32,0
,150,P  ,19,64,0
,151,P  ,19,128,0
,152,P  ,20,1,0
,153,P  ,20,2,0
,154,P  ,20,4,0
,155,P  ,20,8,0
,156,P  ,20,16,0
,157,P  ,20,32,0
,158,P  ,20,64,0
,159,P  ,20,128,0
,160,P  ,21,1,0
,161,P  ,21,2,0
,162,P  ,21,4,0
,163,P  ,21,8,0
,164,P  ,21,16,0
,165,P  ,21,32,0
,166,P  ,21,64,0
,167,P  ,21,128,0
,168,P  ,22,1,0
,169,P  ,22,2,0
,170,P  ,22,4,0
,171,P  ,22,8,0
,172,P  ,22,16,0
,173,P  ,22,32,0
,174,P  ,22,64,0
,175,P  ,22,128,0
,176,P  ,23,1,0
,177,P  ,23,2,0
,178,P  ,23,4,0
,179,P  ,23,8,0
,180,P  ,23,16,0
,181,P  ,23,32,0
,182,P  ,23,64,0
,183,P  ,23,128,0
,184,P  ,24,1,0
,185,P  ,24,2,0
,186,P  ,24,4,0
,187,P  ,24,8,0
,188,P  ,24,16,0
,189,P  ,24,32,0
,190,P  ,24,64,0
,191,P  ,24,128,0
,192,P  ,25,1,0
,193,P  ,25,2,0
,194,P  ,25,4,0
,195,P  ,25,8,0
,196,P  ,25,16,0
,197,P  ,25,32,0
,198,P  ,25,64,0
,199,P  ,25,128,0
,200,P  ,26,1,0
,201,P  ,26,2,0
,202,P  ,26,4,0
,203,P  ,26,8,0
,204,P  ,26,16,0
,205,P  ,26,32,0
,206,P  ,26,64,0
,207,P  ,26,128,0
,208,P  ,27,1,0
,209,P  ,27,2,0
,210,P  ,27,4,0
,211,P  ,27,8,0
,212,P  ,27,16,0
,213,P  ,27,32,0
,214,P  ,27,64,0
,215,P  ,27,128,0
,216,P  ,28,1,0
,217,P  ,28,2,0
,218,P  ,28,4,0
,219,P  ,28,8,0
,220,P  ,28,16,0
,221,P  ,28,32,0
,222,P  ,28,64,0
,223,P  ,28,128,0
,224,P  ,29,1,0
,225,P  ,29,2,0
,226,P  ,29,4,0
,227,P  ,29,8,0
,228,P  ,29,16,0
,229,P  ,29,32,0
,230,P  ,29,64,0
,231,P  ,29,128,0
,232,P  ,30,1,0
,233,P  ,30,2,0
,234,P  ,30,4,0
,235,P  ,30,8,0
,236,P  ,30,16,0
,237,P  ,30,32,0
,238,P  ,30,64,0
,239,P  ,30,128,0
,240,P  ,31,1,0
,241,P  ,31,2,0
,242,P  ,31,4,0
,243,P  ,31,8,0
,244,P  ,31,16,0
,245,P  ,31,32,0
,246,P  ,31,64,0
,247,P  ,31,128,0
,248,P  ,32,1,0
,249,P  ,32,2,0
,250,P  ,32,4,0
,251,P  ,32,8,0
,252,P  ,32,16,0
,253,P  ,32,32,0
,254,P  ,32,64,0
,255,P  ,32,128,0
,256,P  ,33,1,0
,257,P  ,33,2,0
,258,P  ,33,4,0
,259,P  ,33,8,0
,260,P  ,33,16,0
,261,P  ,33,32,0
,262,P  ,33,64,0
,263,P  ,33,128,0
,264,P  ,34,1,0
,265,P  ,34,2,0
,266,P  ,34,4,0
,267,P  ,34,8,0
,268,P  ,34,16,0
,269,P  ,34,32,0
,270,P  ,34,64,0
,271,P  ,34,128,0
,272,P  ,35,1,0
,273,P  ,35,2,0
,274,P  ,35,4,0
,275,P  ,35,8,0
,276,P  ,35,16,0
,277,P  ,35,32,0
,278,P  ,35,64,0
,279,P  ,35,128,0
,280,P  ,36,1,0
,281,P  ,36,2,0
,282,P  ,36,4,0
,283,P  ,36,8,0
,284,P  ,36,16,0
,285,P  ,36,32,0
,286,P  ,36,64,0
,287,P  ,36,128,0
,288,P  ,37,1,0
,289,P  ,37,2,0
,290,P  ,37,4,0
,291,P  ,37,8,0
,292,P  ,37,16,0
,293,P  ,37,32,0
,294,P  ,37,64,0
,295,P  ,37,128,0
,296,P  ,38,1,0
,297,P  ,38,2,0
,298,P  ,38,4,0
,299,P  ,38,8,0
,300,P  ,38,16,0
,301,P  ,38,32,0
,302,P  ,38,64,0
,303,P  ,38,128,0
,304,P  ,39,1,0
,305,P  ,39,2,0
,306,P  ,39,4,0
,307,P  ,39,8,0
,308,P  ,39,16,0
,309,P  ,39,32,0
,310,P  ,39,64,0
,311,P  ,39,128,0
,312,P  ,40,1,0
,313,P  ,40,2,0
,314,P  ,40,4,0
,315,P  ,40,8,0
,316,P  ,40,16,0
,317,P  ,40,32,0
,318,P  ,40,64,0
,319,P  ,40,128,0
,320,P  ,41,1,0
,321,P  ,41,2,0
,322,P  ,41,4,0
,323,P  ,41,8,0
,324,P  ,41,16,0
,325,P  ,41,32,0
,326,P  ,41,64,0
,327,P  ,41,128,0
,328,P  ,42,1,0
,329,P  ,42,2,0
,330,P  ,42,4,0
,331,P  ,42,8,0
,332,P  ,42,16,0
,333,P  ,42,32,0
,334,P  ,42,64,0
,335,P  ,42,128,0
,336,P  ,43,1,0
,337,P  ,43,2,0
,338,P  ,43,4,0
,339,P  ,43,8,0
,340,P  ,43,16,0
,341,P  ,43,32,0
,342,P  ,43,64,0
,343,P  ,43,128,0
,344,P  ,44,1,0
,345,P  ,44,2,0
,346,P  ,44,4,0
,347,P  ,44,8,0
,348,P  ,44,16,0
,349,P  ,44,32,0
,350,P  ,44,64,0
,351,P  ,44,128,0
,352,P  ,45,1,0
,353,P  ,45,2,0
,354,P  ,45,4,0
,355,P  ,45,8,0
,356,P  ,45,16,0
,357,P  ,45,32,0
,358,P  ,45,64,0
,359,P  ,45,128,0
,360,P  ,46,1,0
,361,P  ,46,2,0
,362,P  ,46,4,0
,363,P  ,46,8,0
,364,P  ,46,16,0
,365,P  ,46,32,0
,366,P  ,46,64,0
,367,P  ,46,128,0
,368,P  ,47,1,0
,369,P  ,47,2,0
,370,P  ,47,4,0
,371,P  ,47,8,0
,372,P  ,47,16,0
,373,P  ,47,32,0
,374,P  ,47,64,0
,375,P  ,47,128,0
,376,P  ,48,1,0
,377,P  ,48,2,0
,378,P  ,48,4,0
,379,P  ,48,8,0
,380,P  ,48,16,0
,381,P  ,48,32,0
,382,P  ,48,64,0
,383,P  ,48,128,0
,384,P  ,49,1,0
,385,P  ,49,2,0
,386,P  ,49,4,0
,387,P  ,49,8,0
,388,P  ,49,16,0
,389,P  ,49,32,0
,390,P  ,49,64,0
,391,P  ,49,128,0
,392,P  ,50,1,0
,393,P  ,50,2,0
,394,P  ,50,4,0
,395,P  ,50,8,0
,396,P  ,50,16,0
,397,P  ,50,32,0
,398,P  ,50,64,0
,399,P  ,50,128,0
,400,P  ,51,1,0
,401,P  ,51,2,0
,402,P  ,51,4,0
,403,P  ,51,8,0
,404,P  ,51,16,0
,405,P  ,51,32,0
,406,P  ,51,64,0
,407,P  ,51,128,0
,408,P  ,52,1,0
,409,P  ,52,2,0
,410,P  ,52,4,0
,411,P  ,52,8,0
,412,P  ,52,16,0
,413,P  ,52,32,0
,414,P  ,52,64,0
,415,P  ,52,128,0
,416,P  ,53,1,0
,417,P  ,53,2,0
,418,P  ,53,4,0
,419,P  ,53,8,0
,420,P  ,53,16,0
,421,P  ,53,32,0
,422,P  ,53,64,0
,423,P  ,53,128,0
,424,P  ,54,1,0
,425,P  ,54,2,0
,426,P  ,54,4,0
,427,P  ,54,8,0
,428,P  ,54,16,0
,429,P  ,54,32,0
,430,P  ,54,64,0
,431,P  ,54,128,0
,432,P  ,55,1,0
,433,P  ,55,2,0
,434,P  ,55,4,0
,435,P  ,55,8,0
,436,P  ,55,16,0
,437,P  ,55,32,0
,438,P  ,55,64,0
,439,P  ,55,128,0
,440,P  ,56,1,0
,441,P  ,56,2,0
,442,P  ,56,4,0
,443,P  ,56,8,0
,444,P  ,56,16,0
,445,P  ,56,32,0
,446,P  ,56,64,0
,447,P  ,56,128,0
,448,P  ,57,1,0
,449,P  ,57,2,0
,450,P  ,57,4,0
,451,P  ,57,8,0
,452,P  ,57,16,0
,453,P  ,57,32,0
,454,P  ,57,64,0
,455,P  ,57,128,0
,456,P  ,58,1,0
,457,P  ,58,2,0
,458,P  ,58,4,0
,459,P  ,58,8,0
,460,P  ,58,16,0
,461,P  ,58,32,0
,462,P  ,58,64,0
,463,P  ,58,128,0
,464,P  ,59,1,0
,465,P  ,59,2,0
,466,P  ,59,4,0
,467,P  ,59,8,0
,468,P  ,59,16,0
,469,P  ,59,32,0
,470,P  ,59,64,0
,471,P  ,59,128,0
,472,P  ,60,1,0
,473,P  ,60,2,0
,474,P  ,60,4,0
,475,P  ,60,8,0
,476,P  ,60,16,0
,477,P  ,60,32,0
,478,P  ,60,64,0
,479,P  ,60,128,0
,480,P  ,61,1,0
,481,P  ,61,2,0
,482,P  ,61,4,0
,483,P  ,61,8,0
,484,P  ,61,16,0
,485,P  ,61,32,0
,486,P  ,61,64,0
,487,P  ,61,128,0
,488,P  ,62,1,0
,489,P  ,62,2,0
,490,P  ,62,4,0
,491,P  ,62,8,0
,492,P  ,62,16,0
,493,P  ,62,32,0
,494,P  ,62,64,0
,495,P  ,62,128,0
,496,P  ,63,1,0
,497,P  ,63,2,0
,498,P  ,63,4,0
,499,P  ,63,8,0
,500,P  ,63,16,0
,501,P  ,63,32,0
,502,P  ,63,64,0
,503,P  ,63,128,0
,504,P  ,64,1,0
,505,P  ,64,2,0
,506,P  ,64,4,0
,507,P  ,64,8,0
,508,P  ,64,16,0
,509,P  ,64,32,0
,510,P  ,64,64,0
,511,P  ,64,128,0
,512,P  ,65,1,0
,513,P  ,65,2,0
,514,P  ,65,4,0
,515,P  ,65,8,0
,516,P  ,65,16,0
,517,P  ,65,32,0
,518,P  ,65,64,0
,519,P  ,65,128,0
,520,P  ,66,1,0
,521,P  ,66,2,0
,522,P  ,66,4,0
,523,P  ,66,8,0
,524,P  ,66,16,0
,525,P  ,66,32,0
,526,P  ,66,64,0
,527,P  ,66,128,0
,528,P  ,67,1,0
,529,P  ,67,2,0
,530,P  ,67,4,0
,531,P  ,67,8,0
,532,P  ,67,16,0
,533,P  ,67,32,0
,534,P  ,67,64,0
,535,P  ,67,128,0
,536,P  ,68,1,0
,537,P  ,68,2,0
,538,P  ,68,4,0
,539,P  ,68,8,0
,540,P  ,68,16,0
,541,P  ,68,32,0
,542,P  ,68,64,0
,543,P  ,68,128,0
,544,P  ,69,1,0
,545,P  ,69,2,0
,546,P  ,69,4,0
,547,P  ,69,8,0
,548,P  ,69,16,0
,549,P  ,69,32,0
,550,P  ,69,64,0
,551,P  ,69,128,0
,552,P  ,70,1,0
,553,P  ,70,2,0
,554,P  ,70,4,0
,555,P  ,70,8,0
,556,P  ,70,16,0
,557,P  ,70,32,0
,558,P  ,70,64,0
,559,P  ,70,128,0
,560,P  ,71,1,0
,561,P  ,71,2,0
,562,P  ,71,4,0
,563,P  ,71,8,0
,564,P  ,71,16,0
,565,P  ,71,32,0
,566,P  ,71,64,0
,567,P  ,71,128,0
,568,P  ,72,1,0
,569,P  ,72,2,0
,570,P  ,72,4,0
,571,P  ,72,8,0
,572,P  ,72,16,0
,573,P  ,72,32,0
,574,P  ,72,64,0
,575,P  ,72,128,0
,576,P  ,73,1,0
,577,P  ,73,2,0
,578,P  ,73,4,0
,579,P  ,73,8,0
,580,P  ,73,16,0
,581,P  ,73,32,0
,582,P  ,73,64,0
,583,P  ,73,128,0
,584,P  ,74,1,0
,585,P  ,74,2,0
,586,P  ,74,4,0
,587,P  ,74,8,0
,588,P  ,74,16,0
,589,P  ,74,32,0
,590,P  ,74,64,0
,591,P  ,74,128,0
,592,P  ,75,1,0
,593,P  ,75,2,0
,594,P  ,75,4,0
,595,P  ,75,8,0
,596,P  ,75,16,0
,597,P  ,75,32,0
,598,P  ,75,64,0
,599,P  ,75,128,0
,600,P  ,76,1,0
,601,P  ,76,2,0
,602,P  ,76,4,0
,603,P  ,76,8,0
,604,P  ,76,16,0
,605,P  ,76,32,0
,606,P  ,76,64,0
,607,P  ,76,128,0
,608,P  ,77,1,0
,609,P  ,77,2,0
,610,P  ,77,4,0
,611,P  ,77,8,0
,612,P  ,77,16,0
,613,P  ,77,32,0
,614,P  ,77,64,0
,615,P  ,77,128,0
,616,P  ,78,1,0
,617,P  ,78,2,0
,618,P  ,78,4,0
,619,P  ,78,8,0
,620,P  ,78,16,0
,621,P  ,78,32,0
,622,P  ,78,64,0
,623,P  ,78,128,0
,624,P  ,79,1,0
,625,P  ,79,2,0
,626,P  ,79,4,0
,627,P  ,79,8,0
,628,P  ,79,16,0
,629,P  ,79,32,0
,630,P  ,79,64,0
,631,P  ,79,128,0
,632,P  ,80,1,0
,633,P  ,80,2,0
,634,P  ,80,4,0
,635,P  ,80,8,0
,636,P  ,80,16,0
,637,P  ,80,32,0
,638,P  ,80,64,0
,639,P  ,80,128,0
,640,P  ,81,1,0
,641,P  ,81,2,0
,642,P  ,81,4,0
,643,P  ,81,8,0
,644,P  ,81,16,0
,645,P  ,81,32,0
,646,P  ,81,64,0
,647,P  ,81,128,0
,648,P  ,82,1,0
,649,P  ,82,2,0
,650,P  ,82,4,0
,651,P  ,82,8,0
,652,P  ,82,16,0
,653,P  ,82,32,0
,654,P  ,82,64,0
,655,P  ,82,128,0
,656,P  ,83,1,0
,657,P  ,83,2,0
,658,P  ,83,4,0
,659,P  ,83,8,0
,660,P  ,83,16,0
,661,P  ,83,32,0
,662,P  ,83,64,0
,663,P  ,83,128,0
,664,P  ,84,1,0
,665,P  ,84,2,0
,666,P  ,84,4,0
,667,P  ,84,8,0
,668,P  ,84,16,0
,669,P  ,84,32,0
,670,P  ,84,64,0
,671,P  ,84,128,0
,672,P  ,85,1,0
,673,P  ,85,2,0
,674,P  ,85,4,0
,675,P  ,85,8,0
,676,P  ,85,16,0
,677,P  ,85,32,0
,678,P  ,85,64,0
,679,P  ,85,128,0
,680,P  ,86,1,0
,681,P  ,86,2,0
,682,P  ,86,4,0
,683,P  ,86,8,0
,684,P  ,86,16,0
,685,P  ,86,32,0
,686,P  ,86,64,0
,687,P  ,86,128,0
,688,P  ,87,1,0
,689,P  ,87,2,0
,690,P  ,87,4,0
,691,P  ,87,8,0
,692,P  ,87,16,0
,693,P  ,87,32,0
,694,P  ,87,64,0
,695,P  ,87,128,0
,696,P  ,88,1,0
,697,P  ,88,2,0
,698,P  ,88,4,0
,699,P  ,88,8,0
,700,P  ,88,16,0
,701,P  ,88,32,0
,702,P  ,88,64,0
,703,P  ,88,128,0
,704,P  ,89,1,0
,705,P  ,89,2,0
,706,P  ,89,4,0
,707,P  ,89,8,0
,708,P  ,89,16,0
,709,P  ,89,32,0
,710,P  ,89,64,0
,711,P  ,89,128,0
,712,P  ,90,1,0
,713,P  ,90,2,0
,714,P  ,90,4,0
,715,P  ,90,8,0
,716,P  ,90,16,0
,717,P  ,90,32,0
,718,P  ,90,64,0
,719,P  ,90,128,0
,720,P  ,91,1,0
,721,P  ,91,2,0
,722,P  ,91,4,0
,723,P  ,91,8,0
,724,P  ,91,16,0
,725,P  ,91,32,0
,726,P  ,91,64,0
,727,P  ,91,128,0
,728,P  ,92,1,0
,729,P  ,92,2,0
,730,P  ,92,4,0
,731,P  ,92,8,0
,732,P  ,92,16,0
,733,P  ,92,32,0
,734,P  ,92,64,0
,735,P  ,92,128,0
,736,P  ,93,1,0
,737,P  ,93,2,0
,738,P  ,93,4,0
,739,P  ,93,8,0
,740,P  ,93,16,0
,741,P  ,93,32,0
,742,P  ,93,64,0
,743,P  ,93,128,0
,744,P  ,94,1,0
,745,P  ,94,2,0
,746,P  ,94,4,0
,747,P  ,94,8,0
,748,P  ,94,16,0
,749,P  ,94,32,0
,750,P  ,94,64,0
,751,P  ,94,128,0
,752,P  ,95,1,0
,753,P  ,95,2,0
,754,P  ,95,4,0
,755,P  ,95,8,0
,756,P  ,95,16,0
,757,P  ,95,32,0
,758,P  ,95,64,0
,759,P  ,95,128,0
,760,P  ,96,1,0
,761,P  ,96,2,0
,762,P  ,96,4,0
,763,P  ,96,8,0
,764,P  ,96,16,0
,765,P  ,96,32,0
,766,P  ,96,64,0
,767,P  ,96,128,0
,768,P  ,97,1,0
,769,P  ,97,2,0
,770,P  ,97,4,0
,771,P  ,97,8,0
,772,P  ,97,16,0
,773,P  ,97,32,0
,774,P  ,97,64,0
,775,P  ,97,128,0
,776,P  ,98,1,0
,777,P  ,98,2,0
,778,P  ,98,4,0
,779,P  ,98,8,0
,780,P  ,98,16,0
,781,P  ,98,32,0
,782,P  ,98,64,0
,783,P  ,98,128,0
,784,P  ,99,1,0
,785,P  ,99,2,0
,786,P  ,99,4,0
,787,P  ,99,8,0
,788,P  ,99,16,0
,789,P  ,99,32,0
,790,P  ,99,64,0
,791,P  ,99,128,0
,792,P  ,100,1,0
,793,P  ,100,2,0
,794,P  ,100,4,0
,795,P  ,100,8,0
,796,P  ,100,16,0
,797,P  ,100,32,0
,798,P  ,100,64,0
,799,P  ,100,128,0
,800,P  ,101,1,0
,801,P  ,101,2,0
,802,P  ,101,4,0
,803,P  ,101,8,0
,804,P  ,101,16,0
,805,P  ,101,32,0
,806,P  ,101,64,0
,807,P  ,101,128,0
,808,P  ,102,1,0
,809,P  ,102,2,0
,810,P  ,102,4,0
,811,P  ,102,8,0
,812,P  ,102,16,0
,813,P  ,102,32,0
,814,P  ,102,64,0
,815,P  ,102,128,0
,816,P  ,103,1,0
,817,P  ,103,2,0
,818,P  ,103,4,0
,819,P  ,103,8,0
,820,P  ,103,16,0
,821,P  ,103,32,0
,822,P  ,103,64,0
,823,P  ,103,128,0
,824,P  ,104,1,0
,825,P  ,104,2,0
,826,P  ,104,4,0
,827,P  ,104,8,0
,828,P  ,104,16,0
,829,P  ,104,32,0
,830,P  ,104,64,0
,831,P  ,104,128,0
,832,P  ,105,1,0
,833,P  ,105,2,0
,834,P  ,105,4,0
,835,P  ,105,8,0
,836,P  ,105,16,0
,837,P  ,105,32,0
,838,P  ,105,64,0
,839,P  ,105,128,0
,840,P  ,106,1,0
,841,P  ,106,2,0
,842,P  ,106,4,0
,843,P  ,106,8,0
,844,P  ,106,16,0
,845,P  ,106,32,0
,846,P  ,106,64,0
,847,P  ,106,128,0
,848,P  ,107,1,0
,849,P  ,107,2,0
,850,P  ,107,4,0
,851,P  ,107,8,0
,852,P  ,107,16,0
,853,P  ,107,32,0
,854,P  ,107,64,0
,855,P  ,107,128,0
,856,P  ,108,1,0
,857,P  ,108,2,0
,858,P  ,108,4,0
,859,P  ,108,8,0
,860,P  ,108,16,0
,861,P  ,108,32,0
,862,P  ,108,64,0
,863,P  ,108,128,0
,864,P  ,109,1,0
,865,P  ,109,2,0
,866,P  ,109,4,0
,867,P  ,109,8,0
,868,P  ,109,16,0
,869,P  ,109,32,0
,870,P  ,109,64,0
,871,P  ,109,128,0
,872,P  ,110,1,0
,873,P  ,110,2,0
,874,P  ,110,4,0
,875,P  ,110,8,0
,876,P  ,110,16,0
,877,P  ,110,32,0
,878,P  ,110,64,0
,879,P  ,110,128,0
,880,P  ,111,1,0
,881,P  ,111,2,0
,882,P  ,111,4,0
,883,P  ,111,8,0
,884,P  ,111,16,0
,885,P  ,111,32,0
,886,P  ,111,64,0
,887,P  ,111,128,0
,888,P  ,112,1,0
,889,P  ,112,2,0
,890,P  ,112,4,0
,891,P  ,112,8,0
,892,P  ,112,16,0
,893,P  ,112,32,0
,894,P  ,112,64,0
,895,P  ,112,128,0
,896,P  ,113,1,0
,897,P  ,113,2,0
,898,P  ,113,4,0
,899,P  ,113,8,0
,900,P  ,113,16,0
,901,P  ,113,32,0
,902,P  ,113,64,0
,903,P  ,113,128,0
,904,P  ,114,1,0
,905,P  ,114,2,0
,906,P  ,114,4,0
,907,P  ,114,8,0
,908,P  ,114,16,0
,909,P  ,114,32,0
,910,P  ,114,64,0
,911,P  ,114,128,0
,912,P  ,115,1,0
,913,P  ,115,2,0
,914,P  ,115,4,0
,915,P  ,115,8,0
,916,P  ,115,16,0
,917,P  ,115,32,0
,918,P  ,115,64,0
,919,P  ,115,128,0
,920,P  ,116,1,0
,921,P  ,116,2,0
,922,P  ,116,4,0
,923,P  ,116,8,0
,924,P  ,116,16,0
,925,P  ,116,32,0
,926,P  ,116,64,0
,927,P  ,116,128,0
,928,P  ,117,1,0
,929,P  ,117,2,0
,930,P  ,117,4,0
,931,P  ,117,8,0
,932,P  ,117,16,0
,933,P  ,117,32,0
,934,P  ,117,64,0
,935,P  ,117,128,0
,936,P  ,118,1,0
,937,P  ,118,2,0
,938,P  ,118,4,0
,939,P  ,118,8,0
,940,P  ,118,16,0
,941,P  ,118,32,0
,942,P  ,118,64,0
,943,P  ,118,128,0
,944,P  ,119,1,0
,945,P  ,119,2,0
,946,P  ,119,4,0
,947,P  ,119,8,0
,948,P  ,119,16,0
,949,P  ,119,32,0
,950,P  ,119,64,0
,951,P  ,119,128,0
,952,P  ,120,1,0
,953,P  ,120,2,0
,954,P  ,120,4,0
,955,P  ,120,8,0
,956,P  ,120,16,0
,957,P  ,120,32,0
,958,P  ,120,64,0
,959,P  ,120,128,0
,960,P  ,121,1,0
,961,P  ,121,2,0
,962,P  ,121,4,0
,963,P  ,121,8,0
,964,P  ,121,16,0
,965,P  ,121,32,0
,966,P  ,121,64,0
,967,P  ,121,128,0
,968,P  ,122,1,0
,969,P  ,122,2,0
,970,P  ,122,4,0
,971,P  ,122,8,0
,972,P  ,122,16,0
,973,P  ,122,32,0
,974,P  ,122,64,0
,975,P  ,122,128,0
,976,P  ,123,1,0
,977,P  ,123,2,0
,978,P  ,123,4,0
,979,P  ,123,8,0
,980,P  ,123,16,0
,981,P  ,123,32,0
,982,P  ,123,64,0
,983,P  ,123,128,0
,984,P  ,124,1,0
,985,P  ,124,2,0
,986,P  ,124,4,0
,987,P  ,124,8,0
,988,P  ,124,16,0
,989,P  ,124,32,0
,990,P  ,124,64,0
,991,P  ,124,128,0
,992,P  ,125,1,0
,993,P  ,125,2,0
,994,P  ,125,4,0
,995,P  ,125,8,0
,996,P  ,125,16,0
,997,P  ,125,32,0
,998,P  ,125,64,0
,999,P  ,125,128,0
,1000,P  ,126,1,0
,1001,P  ,126,2,0
,1002,P  ,126,4,0
,1003,P  ,126,8,0
,1004,P  ,126,16,0
,1005,P  ,126,32,0
,1006,P  ,126,64,0
,1007,P  ,126,128,0
,1008,P  ,127,1,0
,1009,P  ,127,2,0
,1010,P  ,127,4,0
,1011,P  ,127,8,0
,1012,P  ,127,16,0
,1013,P  ,127,32,0
,1014,P  ,127,64,0
,1015,P  ,127,128,0
,1016,P  ,128,1,0
,1017,P  ,128,2,0
,1018,P  ,128,4,0
,1019,P  ,128,8,0
,1020,P  ,128,16,0
,1021,P  ,128,32,0
,1022,P  ,128,64,0
,1023,P  ,128,128,0
,1024,P  ,129,1,0
,1025,P  ,129,2,0
,1026,P  ,129,4,0
,1027,P  ,129,8,0
,1028,P  ,129,16,0
,1029,P  ,129,32,0
,1030,P  ,129,64,0
,1031,P  ,129,128,0
,1032,P  ,130,1,0
,1033,P  ,130,2,0
,1034,P  ,130,4,0
,1035,P  ,130,8,0
,1036,P  ,130,16,0
,1037,P  ,130,32,0
,1038,P  ,130,64,0
,1039,P  ,130,128,0
,1040,P  ,131,1,0
,1041,P  ,131,2,0
,1042,P  ,131,4,0
,1043,P  ,131,8,0
,1044,P  ,131,16,0
,1045,P  ,131,32,0
,1046,P  ,131,64,0
,1047,P  ,131,128,0
,1048,P  ,132,1,0
,1049,P  ,132,2,0
,1050,P  ,132,4,0
,1051,P  ,132,8,0
,1052,P  ,132,16,0
,1053,P  ,132,32,0
,1054,P  ,132,64,0
,1055,P  ,132,128,0
,1056,P  ,133,1,0
,1057,P  ,133,2,0
,1058,P  ,133,4,0
,1059,P  ,133,8,0
,1060,P  ,133,16,0
,1061,P  ,133,32,0
,1062,P  ,133,64,0
,1063,P  ,133,128,0
,1064,P  ,134,1,0
,1065,P  ,134,2,0
,1066,P  ,134,4,0
,1067,P  ,134,8,0
,1068,P  ,134,16,0
,1069,P  ,134,32,0
,1070,P  ,134,64,0
,1071,P  ,134,128,0
,1072,P  ,135,1,0
,1073,P  ,135,2,0
,1074,P  ,135,4,0
,1075,P  ,135,8,0
,1076,P  ,135,16,0
,1077,P  ,135,32,0
,1078,P  ,135,64,0
,1079,P  ,135,128,0
,1080,P  ,136,1,0
,1081,P  ,136,2,0
,1082,P  ,136,4,0
,1083,P  ,136,8,0
,1084,P  ,136,16,0
,1085,P  ,136,32,0
,1086,P  ,136,64,0
,1087,P  ,136,128,0
,1088,P  ,137,1,0
,1089,P  ,137,2,0
,1090,P  ,137,4,0
,1091,P  ,137,8,0
,1092,P  ,137,16,0
,1093,P  ,137,32,0
,1094,P  ,137,64,0
,1095,P  ,137,128,0
,1096,P  ,138,1,0
,1097,P  ,138,2,0
,1098,P  ,138,4,0
,1099,P  ,138,8,0
,1100,P  ,138,16,0
,1101,P  ,138,32,0
,1102,P  ,138,64,0
,1103,P  ,138,128,0
,1104,P  ,139,1,0
,1105,P  ,139,2,0
,1106,P  ,139,4,0
,1107,P  ,139,8,0
,1108,P  ,139,16,0
,1109,P  ,139,32,0
,1110,P  ,139,64,0
,1111,P  ,139,128,0
,1112,P  ,140,1,0
,1113,P  ,140,2,0
,1114,P  ,140,4,0
,1115,P  ,140,8,0
,1116,P  ,140,16,0
,1117,P  ,140,32,0
,1118,P  ,140,64,0
,1119,P  ,140,128,0
,1120,P  ,141,1,0
,1121,P  ,141,2,0
,1122,P  ,141,4,0
,1123,P  ,141,8,0
,1124,P  ,141,16,0
,1125,P  ,141,32,0
,1126,P  ,141,64,0
,1127,P  ,141,128,0
,1128,P  ,142,1,0
,1129,P  ,142,2,0
,1130,P  ,142,4,0
,1131,P  ,142,8,0
,1132,P  ,142,16,0
,1133,P  ,142,32,0
,1134,P  ,142,64,0
,1135,P  ,142,128,0
,1136,P  ,143,1,0
,1137,P  ,143,2,0
,1138,P  ,143,4,0
,1139,P  ,143,8,0
,1140,P  ,143,16,0
,1141,P  ,143,32,0
,1142,P  ,143,64,0
,1143,P  ,143,128,0
,1144,P  ,144,1,0
,1145,P  ,144,2,0
,1146,P  ,144,4,0
,1147,P  ,144,8,0
,1148,P  ,144,16,0
,1149,P  ,144,32,0
,1150,P  ,144,64,0
,1151,P  ,144,128,0
,1152,P  ,145,1,0
,1153,P  ,145,2,0
,1154,P  ,145,4,0
,1155,P  ,145,8,0
,1156,P  ,145,16,0
,1157,P  ,145,32,0
,1158,P  ,145,64,0
,1159,P  ,145,128,0
,1160,P  ,146,1,0
,1161,P  ,146,2,0
,1162,P  ,146,4,0
,1163,P  ,146,8,0
,1164,P  ,146,16,0
,1165,P  ,146,32,0
,1166,P  ,146,64,0
,1167,P  ,146,128,0
,1168,P  ,147,1,0
,1169,P  ,147,2,0
,1170,P  ,147,4,0
,1171,P  ,147,8,0
,1172,P  ,147,16,0
,1173,P  ,147,32,0
,1174,P  ,147,64,0
,1175,P  ,147,128,0
,1176,P  ,148,1,0
,1177,P  ,148,2,0
,1178,P  ,148,4,0
,1179,P  ,148,8,0
,1180,P  ,148,16,0
,1181,P  ,148,32,0
,1182,P  ,148,64,0
,1183,P  ,148,128,0
,1184,P  ,149,1,0
,1185,P  ,149,2,0
,1186,P  ,149,4,0
,1187,P  ,149,8,0
,1188,P  ,149,16,0
,1189,P  ,149,32,0
,1190,P  ,149,64,0
,1191,P  ,149,128,0
,1192,P  ,150,1,0
,1193,P  ,150,2,0
,1194,P  ,150,4,0
,1195,P  ,150,8,0
,1196,P  ,150,16,0
,1197,P  ,150,32,0
,1198,P  ,150,64,0
,1199,P  ,150,128,0
,1200,P  ,151,1,0
,1201,P  ,151,2,0
,1202,P  ,151,4,0
,1203,P  ,151,8,0
,1204,P  ,151,16,0
,1205,P  ,151,32,0
,1206,P  ,151,64,0
,1207,P  ,151,128,0
,1208,P  ,152,1,0
,1209,P  ,152,2,0
,1210,P  ,152,4,0
,1211,P  ,152,8,0
,1212,P  ,152,16,0
,1213,P  ,152,32,0
,1214,P  ,152,64,0
,1215,P  ,152,128,0
,1216,P  ,153,1,0
,1217,P  ,153,2,0
,1218,P  ,153,4,0
,1219,P  ,153,8,0
,1220,P  ,153,16,0
,1221,P  ,153,32,0
,1222,P  ,153,64,0
,1223,P  ,153,128,0
,1224,P  ,154,1,0
,1225,P  ,154,2,0
,1226,P  ,154,4,0
,1227,P  ,154,8,0
,1228,P  ,154,16,0
,1229,P  ,154,32,0
,1230,P  ,154,64,0
,1231,P  ,154,128,0
,1232,P  ,155,1,0
,1233,P  ,155,2,0
,1234,P  ,155,4,0
,1235,P  ,155,8,0
,1236,P  ,155,16,0
,1237,P  ,155,32,0
,1238,P  ,155,64,0
,1239,P  ,155,128,0
,1240,P  ,156,1,0
,1241,P  ,156,2,0
,1242,P  ,156,4,0
,1243,P  ,156,8,0
,1244,P  ,156,16,0
,1245,P  ,156,32,0
,1246,P  ,156,64,0
,1247,P  ,156,128,0
,1248,P  ,157,1,0
,1249,P  ,157,2,0
,1250,P  ,157,4,0
,1251,P  ,157,8,0
,1252,P  ,157,16,0
,1253,P  ,157,32,0
,1254,P  ,157,64,0
,1255,P  ,157,128,0
,1256,P  ,158,1,0
,1257,P  ,158,2,0
,1258,P  ,158,4,0
,1259,P  ,158,8,0
,1260,P  ,158,16,0
,1261,P  ,158,32,0
,1262,P  ,158,64,0
,1263,P  ,158,128,0
,1264,P  ,159,1,0
,1265,P  ,159,2,0
,1266,P  ,159,4,0
,1267,P  ,159,8,0
,1268,P  ,159,16,0
,1269,P  ,159,32,0
,1270,P  ,159,64,0
,1271,P  ,159,128,0
,1272,P  ,160,1,0
,1273,P  ,160,2,0
,1274,P  ,160,4,0
,1275,P  ,160,8,0
,1276,P  ,160,16,0
,1277,P  ,160,32,0
,1278,P  ,160,64,0
,1279,P  ,160,128,0
,1280,P  ,161,1,0
,1281,P  ,161,2,0
,1282,P  ,161,4,0
,1283,P  ,161,8,0
,1284,P  ,161,16,0
,1285,P  ,161,32,0
,1286,P  ,161,64,0
,1287,P  ,161,128,0
,1288,P  ,162,1,0
,1289,P  ,162,2,0
,1290,P  ,162,4,0
,1291,P  ,162,8,0
,1292,P  ,162,16,0
,1293,P  ,162,32,0
,1294,P  ,162,64,0
,1295,P  ,162,128,0
,1296,P  ,163,1,0
,1297,P  ,163,2,0
,1298,P  ,163,4,0
,1299,P  ,163,8,0
,1300,P  ,163,16,0
,1301,P  ,163,32,0
,1302,P  ,163,64,0
,1303,P  ,163,128,0
,1304,P  ,164,1,0
,1305,P  ,164,2,0
,1306,P  ,164,4,0
,1307,P  ,164,8,0
,1308,P  ,164,16,0
,1309,P  ,164,32,0
,1310,P  ,164,64,0
,1311,P  ,164,128,0
,1312,P  ,165,1,0
,1313,P  ,165,2,0
,1314,P  ,165,4,0
,1315,P  ,165,8,0
,1316,P  ,165,16,0
,1317,P  ,165,32,0
,1318,P  ,165,64,0
,1319,P  ,165,128,0
,1320,P  ,166,1,0
,1321,P  ,166,2,0
,1322,P  ,166,4,0
,1323,P  ,166,8,0
,1324,P  ,166,16,0
,1325,P  ,166,32,0
,1326,P  ,166,64,0
,1327,P  ,166,128,0
,1328,P  ,167,1,0
,1329,P  ,167,2,0
,1330,P  ,167,4,0
,1331,P  ,167,8,0
,1332,P  ,167,16,0
,1333,P  ,167,32,0
,1334,P  ,167,64,0
,1335,P  ,167,128,0
,1336,P  ,168,1,0
,1337,P  ,168,2,0
,1338,P  ,168,4,0
,1339,P  ,168,8,0
,1340,P  ,168,16,0
,1341,P  ,168,32,0
,1342,P  ,168,64,0
,1343,P  ,168,128,0
,1344,P  ,169,1,0
,1345,P  ,169,2,0
,1346,P  ,169,4,0
,1347,P  ,169,8,0
,1348,P  ,169,16,0
,1349,P  ,169,32,0
,1350,P  ,169,64,0
,1351,P  ,169,128,0
,1352,P  ,170,1,0
,1353,P  ,170,2,0
,1354,P  ,170,4,0
,1355,P  ,170,8,0
,1356,P  ,170,16,0
,1357,P  ,170,32,0
,1358,P  ,170,64,0
,1359,P  ,170,128,0
,1360,P  ,171,1,0
,1361,P  ,171,2,0
,1362,P  ,171,4,0
,1363,P  ,171,8,0
,1364,P  ,171,16,0
,1365,P  ,171,32,0
,1366,P  ,171,64,0
,1367,P  ,171,128,0
,1368,P  ,172,1,0
,1369,P  ,172,2,0
,1370,P  ,172,4,0
,1371,P  ,172,8,0
,1372,P  ,172,16,0
,1373,P  ,172,32,0
,1374,P  ,172,64,0
,1375,P  ,172,128,0
,1376,P  ,173,1,0
,1377,P  ,173,2,0
,1378,P  ,173,4,0
,1379,P  ,173,8,0
,1380,P  ,173,16,0
,1381,P  ,173,32,0
,1382,P  ,173,64,0
,1383,P  ,173,128,0
,1384,P  ,174,1,0
,1385,P  ,174,2,0
,1386,P  ,174,4,0
,1387,P  ,174,8,0
,1388,P  ,174,16,0
,1389,P  ,174,32,0
,1390,P  ,174,64,0
,1391,P  ,174,128,0
,1392,P  ,175,1,0
,1393,P  ,175,2,0
,1394,P  ,175,4,0
,1395,P  ,175,8,0
,1396,P  ,175,16,0
,1397,P  ,175,32,0
,1398,P  ,175,64,0
,1399,P  ,175,128,0
,1400,P  ,176,1,0
,1401,P  ,176,2,0
,1402,P  ,176,4,0
,1403,P  ,176,8,0
,1404,P  ,176,16,0
,1405,P  ,176,32,0
,1406,P  ,176,64,0
,1407,P  ,176,128,0
,1408,P  ,177,1,0
,1409,P  ,177,2,0
,1410,P  ,177,4,0
,1411,P  ,177,8,0
,1412,P  ,177,16,0
,1413,P  ,177,32,0
,1414,P  ,177,64,0
,1415,P  ,177,128,0
,1416,P  ,178,1,0
,1417,P  ,178,2,0
,1418,P  ,178,4,0
,1419,P  ,178,8,0
,1420,P  ,178,16,0
,1421,P  ,178,32,0
,1422,P  ,178,64,0
,1423,P  ,178,128,0
,1424,P  ,179,1,0
,1425,P  ,179,2,0
,1426,P  ,179,4,0
,1427,P  ,179,8,0
,1428,P  ,179,16,0
,1429,P  ,179,32,0
,1430,P  ,179,64,0
,1431,P  ,179,128,0
,1432,P  ,180,1,0
,1433,P  ,180,2,0
,1434,P  ,180,4,0
,1435,P  ,180,8,0
,1436,P  ,180,16,0
,1437,P  ,180,32,0
,1438,P  ,180,64,0
,1439,P  ,180,128,0
,1440,P  ,181,1,0
,1441,P  ,181,2,0
,1442,P  ,181,4,0
,1443,P  ,181,8,0
,1444,P  ,181,16,0
,1445,P  ,181,32,0
,1446,P  ,181,64,0
,1447,P  ,181,128,0
,1448,P  ,182,1,0
,1449,P  ,182,2,0
,1450,P  ,182,4,0
,1451,P  ,182,8,0
,1452,P  ,182,16,0
,1453,P  ,182,32,0
,1454,P  ,182,64,0
,1455,P  ,182,128,0
,1456,P  ,183,1,0
,1457,P  ,183,2,0
,1458,P  ,183,4,0
,1459,P  ,183,8,0
,1460,P  ,183,16,0
,1461,P  ,183,32,0
,1462,P  ,183,64,0
,1463,P  ,183,128,0
,1464,P  ,184,1,0
,1465,P  ,184,2,0
,1466,P  ,184,4,0
,1467,P  ,184,8,0
,1468,P  ,184,16,0
,1469,P  ,184,32,0
,1470,P  ,184,64,0
,1471,P  ,184,128,0
,1472,P  ,185,1,0
,1473,P  ,185,2,0
,1474,P  ,185,4,0
,1475,P  ,185,8,0
,1476,P  ,185,16,0
,1477,P  ,185,32,0
,1478,P  ,185,64,0
,1479,P  ,185,128,0
,1480,P  ,186,1,0
,1481,P  ,186,2,0
,1482,P  ,186,4,0
,1483,P  ,186,8,0
,1484,P  ,186,16,0
,1485,P  ,186,32,0
,1486,P  ,186,64,0
,1487,P  ,186,128,0
,1488,P  ,187,1,0
,1489,P  ,187,2,0
,1490,P  ,187,4,0
,1491,P  ,187,8,0
,1492,P  ,187,16,0
,1493,P  ,187,32,0
,1494,P  ,187,64,0
,1495,P  ,187,128,0
,1496,P  ,188,1,0
,1497,P  ,188,2,0
,1498,P  ,188,4,0
,1499,P  ,188,8,0
,1500,P  ,188,16,0
,1501,P  ,188,32,0
,1502,P  ,188,64,0
,1503,P  ,188,128,0
,1504,P  ,189,1,0
,1505,P  ,189,2,0
,1506,P  ,189,4,0
,1507,P  ,189,8,0
,1508,P  ,189,16,0
,1509,P  ,189,32,0
,1510,P  ,189,64,0
,1511,P  ,189,128,0
,1512,P  ,190,1,0
,1513,P  ,190,2,0
,1514,P  ,190,4,0
,1515,P  ,190,8,0
,1516,P  ,190,16,0
,1517,P  ,190,32,0
,1518,P  ,190,64,0
,1519,P  ,190,128,0
,1520,P  ,191,1,0
,1521,P  ,191,2,0
,1522,P  ,191,4,0
,1523,P  ,191,8,0
,1524,P  ,191,16,0
,1525,P  ,191,32,0
,1526,P  ,191,64,0
,1527,P  ,191,128,0
,1528,P  ,192,1,0
,1529,P  ,192,2,0
,1530,P  ,192,4,0
,1531,P  ,192,8,0
,1532,P  ,192,16,0
,1533,P  ,192,32,0
,1534,P  ,192,64,0
,1535,P  ,192,128,0
,1536,P  ,193,1,0
,1537,P  ,193,2,0
,1538,P  ,193,4,0
,1539,P  ,193,8,0
,1540,P  ,193,16,0
,1541,P  ,193,32,0
,1542,P  ,193,64,0
,1543,P  ,193,128,0
,1544,P  ,194,1,0
,1545,P  ,194,2,0
,1546,P  ,194,4,0
,1547,P  ,194,8,0
,1548,P  ,194,16,0
,1549,P  ,194,32,0
,1550,P  ,194,64,0
,1551,P  ,194,128,0
,1552,P  ,195,1,0
,1553,P  ,195,2,0
,1554,P  ,195,4,0
,1555,P  ,195,8,0
,1556,P  ,195,16,0
,1557,P  ,195,32,0
,1558,P  ,195,64,0
,1559,P  ,195,128,0
,1560,P  ,196,1,0
,1561,P  ,196,2,0
,1562,P  ,196,4,0
,1563,P  ,196,8,0
,1564,P  ,196,16,0
,1565,P  ,196,32,0
,1566,P  ,196,64,0
,1567,P  ,196,128,0
,1568,P  ,197,1,0
,1569,P  ,197,2,0
,1570,P  ,197,4,0
,1571,P  ,197,8,0
,1572,P  ,197,16,0
,1573,P  ,197,32,0
,1574,P  ,197,64,0
,1575,P  ,197,128,0
,1576,P  ,198,1,0
,1577,P  ,198,2,0
,1578,P  ,198,4,0
,1579,P  ,198,8,0
,1580,P  ,198,16,0
,1581,P  ,198,32,0
,1582,P  ,198,64,0
,1583,P  ,198,128,0
,1584,P  ,199,1,0
,1585,P  ,199,2,0
,1586,P  ,199,4,0
,1587,P  ,199,8,0
,1588,P  ,199,16,0
,1589,P  ,199,32,0
,1590,P  ,199,64,0
,1591,P  ,199,128,0
,1592,P  ,200,1,0
,1593,P  ,200,2,0
,1594,P  ,200,4,0
,1595,P  ,200,8,0
,1596,P  ,200,16,0
,1597,P  ,200,32,0
,1598,P  ,200,64,0
,1599,P  ,200,128,0
,1600,P  ,201,1,0
,1601,P  ,201,2,0
,1602,P  ,201,4,0
,1603,P  ,201,8,0
,1604,P  ,201,16,0
,1605,P  ,201,32,0
,1606,P  ,201,64,0
,1607,P  ,201,128,0
,1608,P  ,202,1,0
,1609,P  ,202,2,0
,1610,P  ,202,4,0
,1611,P  ,202,8,0
,1612,P  ,202,16,0
,1613,P  ,202,32,0
,1614,P  ,202,64,0
,1615,P  ,202,128,0
,1616,P  ,203,1,0
,1617,P  ,203,2,0
,1618,P  ,203,4,0
,1619,P  ,203,8,0
,1620,P  ,203,16,0
,1621,P  ,203,32,0
,1622,P  ,203,64,0
,1623,P  ,203,128,0
,1624,P  ,204,1,0
,1625,P  ,204,2,0
,1626,P  ,204,4,0
,1627,P  ,204,8,0
,1628,P  ,204,16,0
,1629,P  ,204,32,0
,1630,P  ,204,64,0
,1631,P  ,204,128,0
,1632,P  ,205,1,0
,1633,P  ,205,2,0
,1634,P  ,205,4,0
,1635,P  ,205,8,0
,1636,P  ,205,16,0
,1637,P  ,205,32,0
,1638,P  ,205,64,0
,1639,P  ,205,128,0
,1640,P  ,206,1,0
,1641,P  ,206,2,0
,1642,P  ,206,4,0
,1643,P  ,206,8,0
,1644,P  ,206,16,0
,1645,P  ,206,32,0
,1646,P  ,206,64,0
,1647,P  ,206,128,0
,1648,P  ,207,1,0
,1649,P  ,207,2,0
,1650,P  ,207,4,0
,1651,P  ,207,8,0
,1652,P  ,207,16,0
,1653,P  ,207,32,0
,1654,P  ,207,64,0
,1655,P  ,207,128,0
,1656,P  ,208,1,0
,1657,P  ,208,2,0
,1658,P  ,208,4,0
,1659,P  ,208,8,0
,1660,P  ,208,16,0
,1661,P  ,208,32,0
,1662,P  ,208,64,0
,1663,P  ,208,128,0
,1664,P  ,209,1,0
,1665,P  ,209,2,0
,1666,P  ,209,4,0
,1667,P  ,209,8,0
,1668,P  ,209,16,0
,1669,P  ,209,32,0
,1670,P  ,209,64,0
,1671,P  ,209,128,0
,1672,P  ,210,1,0
,1673,P  ,210,2,0
,1674,P  ,210,4,0
,1675,P  ,210,8,0
,1676,P  ,210,16,0
,1677,P  ,210,32,0
,1678,P  ,210,64,0
,1679,P  ,210,128,0
,1680,P  ,211,1,0
,1681,P  ,211,2,0
,1682,P  ,211,4,0
,1683,P  ,211,8,0
,1684,P  ,211,16,0
,1685,P  ,211,32,0
,1686,P  ,211,64,0
,1687,P  ,211,128,0
,1688,P  ,212,1,0
,1689,P  ,212,2,0
,1690,P  ,212,4,0
,1691,P  ,212,8,0
,1692,P  ,212,16,0
,1693,P  ,212,32,0
,1694,P  ,212,64,0
,1695,P  ,212,128,0
,1696,P  ,213,1,0
,1697,P  ,213,2,0
,1698,P  ,213,4,0
,1699,P  ,213,8,0
,1700,P  ,213,16,0
,1701,P  ,213,32,0
,1702,P  ,213,64,0
,1703,P  ,213,128,0
,1704,P  ,214,1,0
,1705,P  ,214,2,0
,1706,P  ,214,4,0
,1707,P  ,214,8,0
,1708,P  ,214,16,0
,1709,P  ,214,32,0
,1710,P  ,214,64,0
,1711,P  ,214,128,0
,1712,P  ,215,1,0
,1713,P  ,215,2,0
,1714,P  ,215,4,0
,1715,P  ,215,8,0
,1716,P  ,215,16,0
,1717,P  ,215,32,0
,1718,P  ,215,64,0
,1719,P  ,215,128,0
,1720,P  ,216,1,0
,1721,P  ,216,2,0
,1722,P  ,216,4,0
,1723,P  ,216,8,0
,1724,P  ,216,16,0
,1725,P  ,216,32,0
,1726,P  ,216,64,0
,1727,P  ,216,128,0
,1728,P  ,217,1,0
,1729,P  ,217,2,0
,1730,P  ,217,4,0
,1731,P  ,217,8,0
,1732,P  ,217,16,0
,1733,P  ,217,32,0
,1734,P  ,217,64,0
,1735,P  ,217,128,0
,1736,P  ,218,1,0
,1737,P  ,218,2,0
,1738,P  ,218,4,0
,1739,P  ,218,8,0
,1740,P  ,218,16,0
,1741,P  ,218,32,0
,1742,P  ,218,64,0
,1743,P  ,218,128,0
,1744,P  ,219,1,0
,1745,P  ,219,2,0
,1746,P  ,219,4,0
,1747,P  ,219,8,0
,1748,P  ,219,16,0
,1749,P  ,219,32,0
,1750,P  ,219,64,0
,1751,P  ,219,128,0
,1752,P  ,220,1,0
,1753,P  ,220,2,0
,1754,P  ,220,4,0
,1755,P  ,220,8,0
,1756,P  ,220,16,0
,1757,P  ,220,32,0
,1758,P  ,220,64,0
,1759,P  ,220,128,0
,1760,P  ,221,1,0
,1761,P  ,221,2,0
,1762,P  ,221,4,0
,1763,P  ,221,8,0
,1764,P  ,221,16,0
,1765,P  ,221,32,0
,1766,P  ,221,64,0
,1767,P  ,221,128,0
,1768,P  ,222,1,0
,1769,P  ,222,2,0
,1770,P  ,222,4,0
,1771,P  ,222,8,0
,1772,P  ,222,16,0
,1773,P  ,222,32,0
,1774,P  ,222,64,0
,1775,P  ,222,128,0
,1776,P  ,223,1,0
,1777,P  ,223,2,0
,1778,P  ,223,4,0
,1779,P  ,223,8,0
,1780,P  ,223,16,0
,1781,P  ,223,32,0
,1782,P  ,223,64,0
,1783,P  ,223,128,0
,1784,P  ,224,1,0
,1785,P  ,224,2,0
,1786,P  ,224,4,0
,1787,P  ,224,8,0
,1788,P  ,224,16,0
,1789,P  ,224,32,0
,1790,P  ,224,64,0
,1791,P  ,224,128,0
,1792,P  ,225,1,0
,1793,P  ,225,2,0
,1794,P  ,225,4,0
,1795,P  ,225,8,0
,1796,P  ,225,16,0
,1797,P  ,225,32,0
,1798,P  ,225,64,0
,1799,P  ,225,128,0
,1800,P  ,226,1,0
,1801,P  ,226,2,0
,1802,P  ,226,4,0
,1803,P  ,226,8,0
,1804,P  ,226,16,0
,1805,P  ,226,32,0
,1806,P  ,226,64,0
,1807,P  ,226,128,0
,1808,P  ,227,1,0
,1809,P  ,227,2,0
,1810,P  ,227,4,0
,1811,P  ,227,8,0
,1812,P  ,227,16,0
,1813,P  ,227,32,0
,1814,P  ,227,64,0
,1815,P  ,227,128,0
,1816,P  ,228,1,0
,1817,P  ,228,2,0
,1818,P  ,228,4,0
,1819,P  ,228,8,0
,1820,P  ,228,16,0
,1821,P  ,228,32,0
,1822,P  ,228,64,0
,1823,P  ,228,128,0
,1824,P  ,229,1,0
,1825,P  ,229,2,0
,1826,P  ,229,4,0
,1827,P  ,229,8,0
,1828,P  ,229,16,0
,1829,P  ,229,32,0
,1830,P  ,229,64,0
,1831,P  ,229,128,0
,1832,P  ,230,1,0
,1833,P  ,230,2,0
,1834,P  ,230,4,0
,1835,P  ,230,8,0
,1836,P  ,230,16,0
,1837,P  ,230,32,0
,1838,P  ,230,64,0
,1839,P  ,230,128,0
,1840,P  ,231,1,0
,1841,P  ,231,2,0
,1842,P  ,231,4,0
,1843,P  ,231,8,0
,1844,P  ,231,16,0
,1845,P  ,231,32,0
,1846,P  ,231,64,0
,1847,P  ,231,128,0
,1848,P  ,232,1,0
,1849,P  ,232,2,0
,1850,P  ,232,4,0
,1851,P  ,232,8,0
,1852,P  ,232,16,0
,1853,P  ,232,32,0
,1854,P  ,232,64,0
,1855,P  ,232,128,0
,1856,P  ,233,1,0
,1857,P  ,233,2,0
,1858,P  ,233,4,0
,1859,P  ,233,8,0
,1860,P  ,233,16,0
,1861,P  ,233,32,0
,1862,P  ,233,64,0
,1863,P  ,233,128,0
,1864,P  ,234,1,0
,1865,P  ,234,2,0
,1866,P  ,234,4,0
,1867,P  ,234,8,0
,1868,P  ,234,16,0
,1869,P  ,234,32,0
,1870,P  ,234,64,0
,1871,P  ,234,128,0
,1872,P  ,235,1,0
,1873,P  ,235,2,0
,1874,P  ,235,4,0
,1875,P  ,235,8,0
,1876,P  ,235,16,0
,1877,P  ,235,32,0
,1878,P  ,235,64,0
,1879,P  ,235,128,0
,1880,P  ,236,1,0
,1881,P  ,236,2,0
,1882,P  ,236,4,0
,1883,P  ,236,8,0
,1884,P  ,236,16,0
,1885,P  ,236,32,0
,1886,P  ,236,64,0
,1887,P  ,236,128,0
,1888,P  ,237,1,0
,1889,P  ,237,2,0
,1890,P  ,237,4,0
,1891,P  ,237,8,0
,1892,P  ,237,16,0
,1893,P  ,237,32,0
,1894,P  ,237,64,0
,1895,P  ,237,128,0
,1896,P  ,238,1,0
,1897,P  ,238,2,0
,1898,P  ,238,4,0
,1899,P  ,238,8,0
,1900,P  ,238,16,0
,1901,P  ,238,32,0
,1902,P  ,238,64,0
,1903,P  ,238,128,0
,1904,P  ,239,1,0
,1905,P  ,239,2,0
,1906,P  ,239,4,0
,1907,P  ,239,8,0
,1908,P  ,239,16,0
,1909,P  ,239,32,0
,1910,P  ,239,64,0
,1911,P  ,239,128,0
,1912,P  ,240,1,0
,1913,P  ,240,2,0
,1914,P  ,240,4,0
,1915,P  ,240,8,0
,1916,P  ,240,16,0
,1917,P  ,240,32,0
,1918,P  ,240,64,0
,1919,P  ,240,128,0
,1920,P  ,241,1,0
,1921,P  ,241,2,0
,1922,P  ,241,4,0
,1923,P  ,241,8,0
,1924,P  ,241,16,0
,1925,P  ,241,32,0
,1926,P  ,241,64,0
,1927,P  ,241,128,0
,1928,P  ,242,1,0
,1929,P  ,242,2,0
,1930,P  ,242,4,0
,1931,P  ,242,8,0
,1932,P  ,242,16,0
,1933,P  ,242,32,0
,1934,P  ,242,64,0
,1935,P  ,242,128,0
,1936,P  ,243,1,0
,1937,P  ,243,2,0
,1938,P  ,243,4,0
,1939,P  ,243,8,0
,1940,P  ,243,16,0
,1941,P  ,243,32,0
,1942,P  ,243,64,0
,1943,P  ,243,128,0
,1944,P  ,244,1,0
,1945,P  ,244,2,0
,1946,P  ,244,4,0
,1947,P  ,244,8,0
,1948,P  ,244,16,0
,1949,P  ,244,32,0
,1950,P  ,244,64,0
,1951,P  ,244,128,0
,1952,P  ,245,1,0
,1953,P  ,245,2,0
,1954,P  ,245,4,0
,1955,P  ,245,8,0
,1956,P  ,245,16,0
,1957,P  ,245,32,0
,1958,P  ,245,64,0
,1959,P  ,245,128,0
,1960,P  ,246,1,0
,1961,P  ,246,2,0
,1962,P  ,246,4,0
,1963,P  ,246,8,0
,1964,P  ,246,16,0
,1965,P  ,246,32,0
,1966,P  ,246,64,0
,1967,P  ,246,128,0
,1968,P  ,247,1,0
,1969,P  ,247,2,0
,1970,P  ,247,4,0
,1971,P  ,247,8,0
,1972,P  ,247,16,0
,1973,P  ,247,32,0
,1974,P  ,247,64,0
,1975,P  ,247,128,0
,1976,P  ,248,1,0
,1977,P  ,248,2,0
,1978,P  ,248,4,0
,1979,P  ,248,8,0
,1980,P  ,248,16,0
,1981,P  ,248,32,0
,1982,P  ,248,64,0
,1983,P  ,248,128,0
,1984,P  ,249,1,0
,1985,P  ,249,2,0
,1986,P  ,249,4,0
,1987,P  ,249,8,0
,1988,P  ,249,16,0
,1989,P  ,249,32,0
,1990,P  ,249,64,0
,1991,P  ,249,128,0
,1992,P  ,250,1,0
,1993,P  ,250,2,0
,1994,P  ,250,4,0
,1995,P  ,250,8,0
,1996,P  ,250,16,0
,1997,P  ,250,32,0
,1998,P  ,250,64,0
,1999,P  ,250,128,0
,2000,P  ,251,1,0
,2001,P  ,251,2,0
,2002,P  ,251,4,0
,2003,P  ,251,8,0
,2004,P  ,251,16,0
,2005,P  ,251,32,0
,2006,P  ,251,64,0
,2007,P  ,251,128,0
,2008,P  ,252,1,0
,2009,P  ,252,2,0
,2010,P  ,252,4,0
,2011,P  ,252,8,0
,2012,P  ,252,16,0
,2013,P  ,252,32,0
,2014,P  ,252,64,0
,2015,P  ,252,128,0
,2016,P  ,253,1,0
,2017,P  ,253,2,0
,2018,P  ,253,4,0
,2019,P  ,253,8,0
,2020,P  ,253,16,0
,2021,P  ,253,32,0
,2022,P  ,253,64,0
,2023,P  ,253,128,0
,2024,P  ,254,1,0
,2025,P  ,254,2,0
,2026,P  ,254,4,0
,2027,P  ,254,8,0
,2028,P  ,254,16,0
,2029,P  ,254,32,0
,2030,P  ,254,64,0
,2031,P  ,254,128,0
,2032,P  ,255,1,0
,2033,P  ,255,2,0
,2034,P  ,255,4,0
,2035,P  ,255,8,0
,2036,P  ,255,16,0
,2037,P  ,255,32,0
,2038,P  ,255,64,0
,2039,P  ,255,128,0
,2040,P  ,256,1,0
,2041,P  ,256,2,0
,2042,P  ,256,4,0
,2043,P  ,256,8,0
,2044,P  ,256,16,0
,2045,P  ,256,32,0
,2046,P  ,256,64,0
,2047,P  ,256,128,0
 (rpt),-32768,R  ,,,0
"",0,R  ,,,0
REPORT TYPES,0,R  ,,,0
SF LOCK TYPES,0,SFL,,,0
Extent Lock - Exclusive,8,SFL,,,0
Extent Lock - Update,9,SFL,,,0
Extent Lock - Next,11,SFL,,,0
Extent Lock - Previous,12,SFL,,,0
@@OPTIONS,0,SOP,,,0
disable_def_cnst_check,1,SOP,,,1
implicit_transactions,2,SOP,,,1
cursor_close_on_commit,4,SOP,,,1
ansi_warnings,8,SOP,,,1
ansi_padding,16,SOP,,,1
ansi_nulls,32,SOP,,,1
arithabort,64,SOP,,,1
arithignore,128,SOP,,,1
quoted_identifier,256,SOP,,,1
nocount,512,SOP,,,1
ansi_null_dflt_on,1024,SOP,,,1
ansi_null_dflt_off,2048,SOP,,,1
concat_null_yields_null,4096,SOP,,,1
numeric_roundabort,8192,SOP,,,1
xact_abort,16384,SOP,,,1
sysadmin,16,SRV,0,,0
System Administrators,16,SRV,-1,,0
Security Administrators,32,SRV,-1,,0
securityadmin,32,SRV,0,,0
Server Administrators,64,SRV,-1,,0
serveradmin,64,SRV,0,,0
Setup Administrators,128,SRV,-1,,0
setupadmin,128,SRV,0,,0
Process Administrators,256,SRV,-1,,0
processadmin,256,SRV,0,,0
Disk Administrators,512,SRV,-1,,0
diskadmin,512,SRV,0,,0
Database Creators,1024,SRV,-1,,0
dbcreator,1024,SRV,0,,0
Bulk Insert Administrators,4096,SRV,-1,,0
bulkadmin,4096,SRV,0,,0
SYSPROTECTS.ACTION,0,T  ,,,0
References,26,T  ,,,0
Create Function,178,T  ,,,0
Select,193,T  ,,,0
Insert,195,T  ,,,0
Delete,196,T  ,,,0
Update,197,T  ,,,0
Create Table,198,T  ,,,0
Create Database,203,T  ,,,0
Grant_WGO,204,T  ,,,0
Grant,205,T  ,,,0
Deny,206,T  ,,,0
Create View,207,T  ,,,0
Create Procedure,222,T  ,,,0
Execute,224,T  ,,,0
Backup Database,228,T  ,,,0
Create Default,233,T  ,,,0
Backup Transaction,235,T  ,,,0
Create Rule,236,T  ,,,0
SYSDEVICES STATUS,0,V  ,,,0
default disk,1,V  ,,,0
physical disk,2,V  ,,,0
logical disk,4,V  ,,,0
backup device,16,V  ,,,0
serial writes,32,V  ,,,0
read only,4096,V  ,0,1,0
deferred,8192,V  ,0,1,0
